nr	name	subsystem	support_level	authority	today_handling	today_el1_module	today_host_handler	shared_inring_x86	flip_routing	allowlist_justification
0	io_setup	io	BringUp	Host	Host-only	None	fs::io_setup (crates/carrick-kernel/src/dispatch/fs.rs:92)	No	Counted-ENOSYS	Guest authority / in-kernel concern; host fallback disallowed per AGENTS
1	io_destroy	io	BringUp	Host	Host-only	None	fs::io_destroy (crates/carrick-kernel/src/dispatch/fs.rs:93)	No	Counted-ENOSYS	Guest authority / in-kernel concern; host fallback disallowed per AGENTS
2	io_submit	io	BringUp	Host	Host-only	None	fs::io_submit (crates/carrick-kernel/src/dispatch/fs.rs:94)	No	Counted-ENOSYS	Guest authority / in-kernel concern; host fallback disallowed per AGENTS
3	io_cancel	io	BringUp	Host	Host-only	None	fs::io_cancel (crates/carrick-kernel/src/dispatch/fs.rs:95)	No	Counted-ENOSYS	Guest authority / in-kernel concern; host fallback disallowed per AGENTS
4	io_getevents	io	BringUp	Host	Host-only	None	fs::io_getevents (crates/carrick-kernel/src/dispatch/fs.rs:96)	No	Counted-ENOSYS	Guest authority / in-kernel concern; host fallback disallowed per AGENTS
5	setxattr	fs	BringUp	Host	Host-only	None	fs::sys_setxattr_path (crates/carrick-kernel/src/dispatch/fs.rs:172)	No	Forward-Allowlist	Host file contents and filesystem metadata (docs/host-facility-boundary.md)
6	lsetxattr	fs	BringUp	Host	Host-only	None	fs::sys_lsetxattr_path (crates/carrick-kernel/src/dispatch/fs.rs:173)	No	Forward-Allowlist	Host file contents and filesystem metadata (docs/host-facility-boundary.md)
7	fsetxattr	fs	BringUp	Host	Host-only	None	fs::sys_setxattr_fd (crates/carrick-kernel/src/dispatch/fs.rs:174)	No	Forward-Allowlist	Host file contents and filesystem metadata (docs/host-facility-boundary.md)
8	getxattr	fs	BringUp	Host	Host-only	None	fs::sys_getxattr_path (crates/carrick-kernel/src/dispatch/fs.rs:175)	No	Forward-Allowlist	Host file contents and filesystem metadata (docs/host-facility-boundary.md)
9	lgetxattr	fs	BringUp	Host	Host-only	None	fs::sys_lgetxattr_path (crates/carrick-kernel/src/dispatch/fs.rs:176)	No	Forward-Allowlist	Host file contents and filesystem metadata (docs/host-facility-boundary.md)
10	fgetxattr	fs	BringUp	Host	Host-only	None	fs::sys_getxattr_fd (crates/carrick-kernel/src/dispatch/fs.rs:177)	No	Forward-Allowlist	Host file contents and filesystem metadata (docs/host-facility-boundary.md)
11	listxattr	fs	BringUp	Host	Host-only	None	fs::sys_listxattr_path (crates/carrick-kernel/src/dispatch/fs.rs:178)	No	Forward-Allowlist	Host file contents and filesystem metadata (docs/host-facility-boundary.md)
12	llistxattr	fs	BringUp	Host	Host-only	None	fs::sys_llistxattr_path (crates/carrick-kernel/src/dispatch/fs.rs:179)	No	Forward-Allowlist	Host file contents and filesystem metadata (docs/host-facility-boundary.md)
13	flistxattr	fs	BringUp	Host	Host-only	None	fs::sys_listxattr_fd (crates/carrick-kernel/src/dispatch/fs.rs:180)	No	Forward-Allowlist	Host file contents and filesystem metadata (docs/host-facility-boundary.md)
14	removexattr	fs	BringUp	Host	Host-only	None	fs::sys_removexattr_path (crates/carrick-kernel/src/dispatch/fs.rs:181)	No	Forward-Allowlist	Host file contents and filesystem metadata (docs/host-facility-boundary.md)
15	lremovexattr	fs	BringUp	Host	Host-only	None	fs::sys_lremovexattr_path (crates/carrick-kernel/src/dispatch/fs.rs:182)	No	Forward-Allowlist	Host file contents and filesystem metadata (docs/host-facility-boundary.md)
16	fremovexattr	fs	BringUp	Host	Host-only	None	fs::sys_removexattr_fd (crates/carrick-kernel/src/dispatch/fs.rs:183)	No	Forward-Allowlist	Host file contents and filesystem metadata (docs/host-facility-boundary.md)
17	getcwd	fs	BringUp	Host	Host-only	None	fs::getcwd (crates/carrick-kernel/src/dispatch/fs.rs:97)	No	Forward-Allowlist	Host file contents and filesystem metadata (docs/host-facility-boundary.md)
18	lookup_dcookie	fs	Deferred	Host	ENOSYS	None	None (ENOSYS)	No	Unclaimed-ENOSYS	Unimplemented BringUp syscall (SupportLevel::BringUp); answered with -ENOSYS
19	eventfd2	ipc	BringUp	Guest	Host-only	None	net::eventfd2 (crates/carrick-kernel/src/dispatch/net.rs:111)	No	Temporary-forward	Temporary-forward: compat-zone fd-table/pipe/epoll object until shared fd table lands (lane x86-fdtable)
20	epoll_create1	net	BringUp	Guest	Host-only	None	net::epoll_create1 (crates/carrick-kernel/src/dispatch/net.rs:112)	No	Temporary-forward	Temporary-forward: compat-zone fd-table/pipe/epoll object until shared fd table lands (lane x86-fdtable)
21	epoll_ctl	net	BringUp	Guest	Host-only	None	net::epoll_ctl (crates/carrick-kernel/src/dispatch/net.rs:114)	No	Temporary-forward	Temporary-forward: compat-zone fd-table/pipe/epoll object until shared fd table lands (lane x86-fdtable)
22	epoll_pwait	net	BringUp	Guest	EL1-first	crates/carrick-el1/src/personality/ipc/epoll.rs	net::epoll_pwait (crates/carrick-kernel/src/dispatch/net.rs:115)	Partial (IPC in-ring; host forward per crates/carrick-x86-cpl0/src/entry.rs:450)	Temporary-forward	Temporary-forward: compat-zone fd-table/pipe/epoll object until shared fd table lands (lane x86-fdtable)
23	dup	fs	BringUp	Host	Host-only	None	fs::dup (crates/carrick-kernel/src/dispatch/fs.rs:98)	No	Temporary-forward	Temporary-forward: compat-zone fd-table/pipe/epoll object until shared fd table lands (lane x86-fdtable)
24	dup3	fs	BringUp	Host	Host-only	None	fs::dup3 (crates/carrick-kernel/src/dispatch/fs.rs:99)	No	Temporary-forward	Temporary-forward: compat-zone fd-table/pipe/epoll object until shared fd table lands (lane x86-fdtable)
25	fcntl	fs	BringUp	Host	Host-only	None	fs::fcntl (crates/carrick-kernel/src/dispatch/fs.rs:192)	No	Temporary-forward	Temporary-forward: compat-zone fd-table/pipe/epoll object until shared fd table lands (lane x86-fdtable)
26	inotify_init1	fs	BringUp	Host	Host-only	None	fs::inotify_init1 (crates/carrick-kernel/src/dispatch/fs.rs:105)	No	Temporary-forward	Temporary-forward: compat-zone fd-table/pipe/epoll object until shared fd table lands (lane x86-fdtable)
27	inotify_add_watch	fs	BringUp	Host	EL1-first	crates/carrick-el1/src/personality/inotify.rs	fs::inotify_add_watch (crates/carrick-kernel/src/dispatch/fs.rs:106)	Yes (crates/carrick-x86-cpl0/src/entry.rs:1942, crates/carrick-personality-linux/src/dispatch.rs:372)	Wire-in-ring	Shared kernel in-ring authority (carrick-personality-linux / carrick-x86-cpl0); wire existing handler on ARM EL1
28	inotify_rm_watch	fs	BringUp	Host	EL1-first	crates/carrick-el1/src/personality/inotify.rs	fs::inotify_rm_watch (crates/carrick-kernel/src/dispatch/fs.rs:107)	Yes (crates/carrick-x86-cpl0/src/entry.rs:1942, crates/carrick-personality-linux/src/dispatch.rs:372)	Wire-in-ring	Shared kernel in-ring authority (carrick-personality-linux / carrick-x86-cpl0); wire existing handler on ARM EL1
29	ioctl	fs	BringUp	Host	Host-only	None	fs::ioctl (crates/carrick-kernel/src/dispatch/fs.rs:108)	No	Forward-Allowlist	Host file contents and filesystem metadata (docs/host-facility-boundary.md)
30	ioprio_set	sched	BringUp	Guest	Host-only	None	proc::ioprio_set (crates/carrick-kernel/src/dispatch/proc.rs:67)	No	Counted-ENOSYS	Guest authority / in-kernel concern; host fallback disallowed per AGENTS
31	ioprio_get	sched	BringUp	Guest	Host-only	None	proc::ioprio_get (crates/carrick-kernel/src/dispatch/proc.rs:68)	No	Counted-ENOSYS	Guest authority / in-kernel concern; host fallback disallowed per AGENTS
32	flock	fs	BringUp	Host	Host-only	None	fs::flock (crates/carrick-kernel/src/dispatch/fs.rs:109)	No	Forward-Allowlist	Host file contents and filesystem metadata (docs/host-facility-boundary.md)
33	mknodat	fs	BringUp	Host	Host-only	None	fs::mknodat (crates/carrick-kernel/src/dispatch/fs.rs:110)	No	Forward-Allowlist	Host file contents and filesystem metadata (docs/host-facility-boundary.md)
34	mkdirat	fs	BringUp	Host	Host-only	None	fs::mkdirat (crates/carrick-kernel/src/dispatch/fs.rs:114)	No	Forward-Allowlist	Host file contents and filesystem metadata (docs/host-facility-boundary.md)
35	unlinkat	fs	BringUp	Host	Host-only	None	fs::unlinkat (crates/carrick-kernel/src/dispatch/fs.rs:115)	No	Forward-Allowlist	Host file contents and filesystem metadata (docs/host-facility-boundary.md)
36	symlinkat	fs	BringUp	Host	Host-only	None	fs::symlinkat (crates/carrick-kernel/src/dispatch/fs.rs:116)	No	Forward-Allowlist	Host file contents and filesystem metadata (docs/host-facility-boundary.md)
37	linkat	fs	BringUp	Host	Host-only	None	fs::linkat (crates/carrick-kernel/src/dispatch/fs.rs:117)	No	Forward-Allowlist	Host file contents and filesystem metadata (docs/host-facility-boundary.md)
38	renameat	fs	BringUp	Host	Host-only	None	fs::renameat (crates/carrick-kernel/src/dispatch/fs.rs:118)	No	Forward-Allowlist	Host file contents and filesystem metadata (docs/host-facility-boundary.md)
39	umount2	fs	Deferred	Host	ENOSYS	None	None (ENOSYS)	No	Unclaimed-ENOSYS	Unimplemented BringUp syscall (SupportLevel::BringUp); answered with -ENOSYS
40	mount	fs	Deferred	Host	ENOSYS	None	None (ENOSYS)	No	Unclaimed-ENOSYS	Unimplemented BringUp syscall (SupportLevel::BringUp); answered with -ENOSYS
41	pivot_root	fs	Deferred	Host	ENOSYS	None	None (ENOSYS)	No	Unclaimed-ENOSYS	Unimplemented BringUp syscall (SupportLevel::BringUp); answered with -ENOSYS
42	nfsservctl	fs	Deferred	Host	ENOSYS	None	None (ENOSYS)	No	Unclaimed-ENOSYS	Unimplemented BringUp syscall (SupportLevel::BringUp); answered with -ENOSYS
43	statfs	fs	BringUp	Host	Host-only	None	fs::sys_statfs (crates/carrick-kernel/src/dispatch/fs.rs:184)	No	Forward-Allowlist	Host file contents and filesystem metadata (docs/host-facility-boundary.md)
44	fstatfs	fs	BringUp	Host	Host-only	None	fs::sys_fstatfs (crates/carrick-kernel/src/dispatch/fs.rs:185)	No	Forward-Allowlist	Host file contents and filesystem metadata (docs/host-facility-boundary.md)
45	truncate	fs	BringUp	Host	Host-only	None	fs::sys_truncate (crates/carrick-kernel/src/dispatch/fs.rs:186)	No	Forward-Allowlist	Host file contents and filesystem metadata (docs/host-facility-boundary.md)
46	ftruncate	fs	BringUp	Host	Host-only	None	fs::ftruncate (crates/carrick-kernel/src/dispatch/fs.rs:111)	No	Forward-Allowlist	Host file contents and filesystem metadata (docs/host-facility-boundary.md)
47	fallocate	fs	BringUp	Host	Host-only	None	fs::fallocate (crates/carrick-kernel/src/dispatch/fs.rs:112)	No	Forward-Allowlist	Host file contents and filesystem metadata (docs/host-facility-boundary.md)
48	faccessat	fs	BringUp	Host	Host-only	None	fs::faccessat (crates/carrick-kernel/src/dispatch/fs.rs:113)	No	Forward-Allowlist	Host file contents and filesystem metadata (docs/host-facility-boundary.md)
49	chdir	fs	BringUp	Host	Host-only	None	fs::chdir (crates/carrick-kernel/src/dispatch/fs.rs:119)	No	Forward-Allowlist	Host file contents and filesystem metadata (docs/host-facility-boundary.md)
50	fchdir	fs	BringUp	Host	Host-only	None	fs::fchdir (crates/carrick-kernel/src/dispatch/fs.rs:120)	No	Forward-Allowlist	Host file contents and filesystem metadata (docs/host-facility-boundary.md)
51	chroot	fs	Deferred	Host	Host-only	None	fs::chroot (crates/carrick-kernel/src/dispatch/fs.rs:121)	No	Forward-Allowlist	Host file contents and filesystem metadata (docs/host-facility-boundary.md)
52	fchmod	fs	BringUp	Host	Host-only	None	fs::fchmod (crates/carrick-kernel/src/dispatch/fs.rs:122)	No	Forward-Allowlist	Host file contents and filesystem metadata (docs/host-facility-boundary.md)
53	fchmodat	fs	BringUp	Host	Host-only	None	fs::fchmodat (crates/carrick-kernel/src/dispatch/fs.rs:123)	No	Forward-Allowlist	Host file contents and filesystem metadata (docs/host-facility-boundary.md)
54	fchownat	fs	BringUp	Host	Host-only	None	fs::fchownat (crates/carrick-kernel/src/dispatch/fs.rs:125)	No	Forward-Allowlist	Host file contents and filesystem metadata (docs/host-facility-boundary.md)
55	fchown	fs	BringUp	Host	Host-only	None	fs::fchown (crates/carrick-kernel/src/dispatch/fs.rs:126)	No	Forward-Allowlist	Host file contents and filesystem metadata (docs/host-facility-boundary.md)
56	openat	fs	BringUp	Host	Host-only	None	fs::openat (crates/carrick-kernel/src/dispatch/fs.rs:127)	No	Forward-Allowlist	Host file contents and filesystem metadata (docs/host-facility-boundary.md)
57	close	fs	BringUp	Host	Host-only	None	fs::close (crates/carrick-kernel/src/dispatch/fs.rs:128)	No	Temporary-forward	Temporary-forward: compat-zone fd-table/pipe/epoll object until shared fd table lands (lane x86-fdtable)
58	vhangup	tty	BringUp	Guest	Host-only	None	proc::vhangup (crates/carrick-kernel/src/dispatch/proc.rs:69)	No	Counted-ENOSYS	Guest authority / in-kernel concern; host fallback disallowed per AGENTS
59	pipe2	fs	BringUp	Host	Host-only	None	fs::pipe2 (crates/carrick-kernel/src/dispatch/fs.rs:129)	No	Temporary-forward	Temporary-forward: compat-zone fd-table/pipe/epoll object until shared fd table lands (lane x86-fdtable)
60	quotactl	fs	Deferred	Host	ENOSYS	None	None (ENOSYS)	No	Unclaimed-ENOSYS	Unimplemented BringUp syscall (SupportLevel::BringUp); answered with -ENOSYS
61	getdents64	fs	BringUp	Host	Host-only	None	fs::getdents64 (crates/carrick-kernel/src/dispatch/fs.rs:130)	No	Forward-Allowlist	Host file contents and filesystem metadata (docs/host-facility-boundary.md)
62	lseek	fs	BringUp	Host	EL1-first	crates/carrick-el1/src/file.rs	fs::lseek (crates/carrick-kernel/src/dispatch/fs.rs:131)	Partial (delegated files in-ring; host files forward per crates/carrick-x86-cpl0/src/entry.rs:441)	Forward-Allowlist	Host file contents and filesystem metadata (docs/host-facility-boundary.md)
63	read	fs	BringUp	Host	EL1-first	crates/carrick-el1/src/file.rs, personality/ipc, inotify	fs::read (crates/carrick-kernel/src/dispatch/fs.rs:132)	Partial (delegated files in-ring; host files forward per crates/carrick-x86-cpl0/src/entry.rs:441)	Forward-Allowlist	Host file contents and filesystem metadata (docs/host-facility-boundary.md)
64	write	fs	BringUp	Host	EL1-first	crates/carrick-el1/src/file.rs, personality/ipc	fs::write (crates/carrick-kernel/src/dispatch/fs.rs:133)	Partial (delegated files in-ring; host files forward per crates/carrick-x86-cpl0/src/entry.rs:441)	Forward-Allowlist	Host file contents and filesystem metadata (docs/host-facility-boundary.md)
65	readv	fs	BringUp	Host	Host-only	None	fs::readv (crates/carrick-kernel/src/dispatch/fs.rs:134)	No	Forward-Allowlist	Host file contents and filesystem metadata (docs/host-facility-boundary.md)
66	writev	fs	BringUp	Host	Host-only	None	fs::writev (crates/carrick-kernel/src/dispatch/fs.rs:135)	No	Forward-Allowlist	Host file contents and filesystem metadata (docs/host-facility-boundary.md)
67	pread64	fs	BringUp	Host	EL1-first	crates/carrick-el1/src/file.rs	fs::pread64 (crates/carrick-kernel/src/dispatch/fs.rs:136)	Partial (delegated files in-ring; host files forward per crates/carrick-x86-cpl0/src/entry.rs:441)	Forward-Allowlist	Host file contents and filesystem metadata (docs/host-facility-boundary.md)
68	pwrite64	fs	BringUp	Host	EL1-first	crates/carrick-el1/src/file.rs	fs::pwrite64 (crates/carrick-kernel/src/dispatch/fs.rs:137)	Partial (delegated files in-ring; host files forward per crates/carrick-x86-cpl0/src/entry.rs:441)	Forward-Allowlist	Host file contents and filesystem metadata (docs/host-facility-boundary.md)
69	preadv	fs	BringUp	Host	Host-only	None	fs::preadv (crates/carrick-kernel/src/dispatch/fs.rs:138)	No	Forward-Allowlist	Host file contents and filesystem metadata (docs/host-facility-boundary.md)
70	pwritev	fs	BringUp	Host	Host-only	None	fs::pwritev (crates/carrick-kernel/src/dispatch/fs.rs:139)	No	Forward-Allowlist	Host file contents and filesystem metadata (docs/host-facility-boundary.md)
71	sendfile	fs	BringUp	Host	Host-only	None	fs::sendfile (crates/carrick-kernel/src/dispatch/fs.rs:140)	No	Forward-Allowlist	Host file contents and filesystem metadata (docs/host-facility-boundary.md)
72	pselect6	fs	BringUp	Host	Host-only	None	net::pselect6 (crates/carrick-kernel/src/dispatch/net.rs:123)	No	Forward-Allowlist	Host descriptor readiness polling (docs/host-facility-boundary.md)
73	ppoll	fs	BringUp	Host	Host-only	None	net::ppoll (crates/carrick-kernel/src/dispatch/net.rs:124)	No	Forward-Allowlist	Host descriptor readiness polling (docs/host-facility-boundary.md)
74	signalfd4	signal	BringUp	Guest	Host-only	None	signal::signalfd4 (crates/carrick-kernel/src/dispatch/signal.rs:68)	No	Temporary-forward	Temporary-forward: compat-zone fd-table/pipe/epoll object until shared fd table lands (lane x86-fdtable)
75	vmsplice	fs	BringUp	Host	Host-only	None	fs::vmsplice (crates/carrick-kernel/src/dispatch/fs.rs:141)	No	Forward-Allowlist	Host file contents and filesystem metadata (docs/host-facility-boundary.md)
76	splice	fs	BringUp	Host	Host-only	None	fs::splice (crates/carrick-kernel/src/dispatch/fs.rs:142)	No	Forward-Allowlist	Host file contents and filesystem metadata (docs/host-facility-boundary.md)
77	tee	fs	BringUp	Host	Host-only	None	fs::tee (crates/carrick-kernel/src/dispatch/fs.rs:187)	No	Forward-Allowlist	Host file contents and filesystem metadata (docs/host-facility-boundary.md)
78	readlinkat	fs	BringUp	Host	Host-only	None	fs::readlinkat (crates/carrick-kernel/src/dispatch/fs.rs:143)	No	Forward-Allowlist	Host file contents and filesystem metadata (docs/host-facility-boundary.md)
79	newfstatat	fs	BringUp	Host	Host-only	None	fs::newfstatat (crates/carrick-kernel/src/dispatch/fs.rs:144)	No	Forward-Allowlist	Host file contents and filesystem metadata (docs/host-facility-boundary.md)
80	fstat	fs	BringUp	Host	Host-only	None	fs::fstat (crates/carrick-kernel/src/dispatch/fs.rs:145)	No	Forward-Allowlist	Host file contents and filesystem metadata (docs/host-facility-boundary.md)
81	sync	fs	BringUp	Host	Host-only	None	fs::sync (crates/carrick-kernel/src/dispatch/fs.rs:146)	No	Forward-Allowlist	Host file contents and filesystem metadata (docs/host-facility-boundary.md)
82	fsync	fs	BringUp	Host	Host-only	None	fs::fsync (crates/carrick-kernel/src/dispatch/fs.rs:147)	No	Forward-Allowlist	Host file contents and filesystem metadata (docs/host-facility-boundary.md)
83	fdatasync	fs	BringUp	Host	Host-only	None	fs::fdatasync (crates/carrick-kernel/src/dispatch/fs.rs:148)	No	Forward-Allowlist	Host file contents and filesystem metadata (docs/host-facility-boundary.md)
84	sync_file_range	fs	Deferred	Host	Host-only	None	fs::sync_file_range (crates/carrick-kernel/src/dispatch/fs.rs:154)	No	Forward-Allowlist	Host file contents and filesystem metadata (docs/host-facility-boundary.md)
85	timerfd_create	time	BringUp	Guest	Host-only	None	time::timerfd_create (crates/carrick-kernel/src/dispatch/time.rs:61)	No	Temporary-forward	Temporary-forward: compat-zone fd-table/pipe/epoll object until shared fd table lands (lane x86-fdtable)
86	timerfd_settime	time	BringUp	Guest	Host-only	None	time::timerfd_settime (crates/carrick-kernel/src/dispatch/time.rs:62)	No	Temporary-forward	Temporary-forward: compat-zone fd-table/pipe/epoll object until shared fd table lands (lane x86-fdtable)
87	timerfd_gettime	time	BringUp	Guest	Host-only	None	time::timerfd_gettime (crates/carrick-kernel/src/dispatch/time.rs:63)	No	Temporary-forward	Temporary-forward: compat-zone fd-table/pipe/epoll object until shared fd table lands (lane x86-fdtable)
88	utimensat	fs	BringUp	Host	Host-only	None	fs::utimensat (crates/carrick-kernel/src/dispatch/fs.rs:149)	No	Forward-Allowlist	Host file contents and filesystem metadata (docs/host-facility-boundary.md)
89	acct	process	Deferred	Guest	ENOSYS	None	None (ENOSYS)	No	Unclaimed-ENOSYS	Unimplemented BringUp syscall (SupportLevel::BringUp); answered with -ENOSYS
90	capget	process	BringUp	Guest	Host-only	None	creds::capget (crates/carrick-kernel/src/dispatch/creds.rs:55)	No	Counted-ENOSYS	Guest authority / in-kernel concern; host fallback disallowed per AGENTS
91	capset	process	BringUp	Guest	Host-only	None	creds::capset (crates/carrick-kernel/src/dispatch/creds.rs:56)	No	Counted-ENOSYS	Guest authority / in-kernel concern; host fallback disallowed per AGENTS
92	personality	process	BringUp	Guest	Host-only	None	proc::personality (crates/carrick-kernel/src/dispatch/proc.rs:70)	No	Counted-ENOSYS	Guest authority / in-kernel concern; host fallback disallowed per AGENTS
93	exit	process	BringUp	Guest	EL1-first	crates/carrick-el1/src/personality/lifecycle.rs, process_owner.rs	proc::sys_exit (crates/carrick-kernel/src/dispatch/proc.rs:112)	Yes (crates/carrick-x86-cpl0/src/entry.rs:1942, crates/carrick-personality-linux/src/dispatch.rs:372)	Wire-in-ring	Shared kernel in-ring authority (carrick-personality-linux / carrick-x86-cpl0); wire existing handler on ARM EL1
94	exit_group	process	BringUp	Guest	EL1-first	crates/carrick-el1/src/personality/lifecycle.rs, process_owner.rs	proc::sys_exit (crates/carrick-kernel/src/dispatch/proc.rs:112)	Yes (crates/carrick-x86-cpl0/src/entry.rs:1942, crates/carrick-personality-linux/src/dispatch.rs:372)	Wire-in-ring	Shared kernel in-ring authority (carrick-personality-linux / carrick-x86-cpl0); wire existing handler on ARM EL1
95	waitid	process	BringUp	Guest	Host-only	None	proc::waitid (crates/carrick-kernel/src/dispatch/proc.rs:71)	No	Counted-ENOSYS	Guest authority / in-kernel concern; host fallback disallowed per AGENTS
96	set_tid_address	process	BringUp	Guest	Host-only	None	proc::set_tid_address (crates/carrick-kernel/src/dispatch/proc.rs:72)	No	Counted-ENOSYS	Guest authority / in-kernel concern; host fallback disallowed per AGENTS
97	unshare	process	BringUp	Guest	Host-only	None	proc::unshare (crates/carrick-kernel/src/dispatch/proc.rs:73)	No	Counted-ENOSYS	Guest authority / in-kernel concern; host fallback disallowed per AGENTS
98	futex	process	BringUp	Guest	EL1-first	crates/carrick-el1/src/personality/sched.rs	proc::futex (crates/carrick-kernel/src/dispatch/proc.rs:74)	Yes (crates/carrick-x86-cpl0/src/entry.rs:1942, crates/carrick-personality-linux/src/dispatch.rs:372)	Wire-in-ring	Shared kernel in-ring authority (carrick-personality-linux / carrick-x86-cpl0); wire existing handler on ARM EL1
99	set_robust_list	process	BringUp	Guest	EL1-first	crates/carrick-el1/src/personality/thread_setup.rs	proc::set_robust_list (crates/carrick-kernel/src/dispatch/proc.rs:75)	Yes (crates/carrick-x86-cpl0/src/entry.rs:1942, crates/carrick-personality-linux/src/dispatch.rs:372)	Wire-in-ring	Shared kernel in-ring authority (carrick-personality-linux / carrick-x86-cpl0); wire existing handler on ARM EL1
100	get_robust_list	process	Deferred	Guest	Host-only	None	proc::get_robust_list (crates/carrick-kernel/src/dispatch/proc.rs:76)	No	Counted-ENOSYS	Guest authority / in-kernel concern; host fallback disallowed per AGENTS
101	nanosleep	time	BringUp	Host	Host-only	None	time::nanosleep (crates/carrick-kernel/src/dispatch/time.rs:64)	No	Forward-Allowlist	Host hardware monotonic/wall clock query (docs/host-facility-boundary.md)
102	getitimer	time	BringUp	Guest	Host-only	None	time::getitimer (crates/carrick-kernel/src/dispatch/time.rs:65)	No	Counted-ENOSYS	Guest authority / in-kernel concern; host fallback disallowed per AGENTS
103	setitimer	time	BringUp	Guest	Host-only	None	time::setitimer (crates/carrick-kernel/src/dispatch/time.rs:66)	No	Counted-ENOSYS	Guest authority / in-kernel concern; host fallback disallowed per AGENTS
104	kexec_load	process	Deferred	Guest	ENOSYS	None	None (ENOSYS)	No	Unclaimed-ENOSYS	Unimplemented BringUp syscall (SupportLevel::BringUp); answered with -ENOSYS
105	init_module	process	Deferred	Guest	ENOSYS	None	None (ENOSYS)	No	Unclaimed-ENOSYS	Unimplemented BringUp syscall (SupportLevel::BringUp); answered with -ENOSYS
106	delete_module	process	Deferred	Guest	ENOSYS	None	None (ENOSYS)	No	Unclaimed-ENOSYS	Unimplemented BringUp syscall (SupportLevel::BringUp); answered with -ENOSYS
107	timer_create	time	Deferred	Guest	Host-only	None	time::timer_create (crates/carrick-kernel/src/dispatch/time.rs:67)	No	Counted-ENOSYS	Guest authority / in-kernel concern; host fallback disallowed per AGENTS
108	timer_gettime	time	Deferred	Guest	Host-only	None	time::timer_gettime (crates/carrick-kernel/src/dispatch/time.rs:68)	No	Counted-ENOSYS	Guest authority / in-kernel concern; host fallback disallowed per AGENTS
109	timer_getoverrun	time	Deferred	Guest	Host-only	None	time::timer_getoverrun (crates/carrick-kernel/src/dispatch/time.rs:69)	No	Counted-ENOSYS	Guest authority / in-kernel concern; host fallback disallowed per AGENTS
110	timer_settime	time	Deferred	Guest	Host-only	None	time::timer_settime (crates/carrick-kernel/src/dispatch/time.rs:70)	No	Counted-ENOSYS	Guest authority / in-kernel concern; host fallback disallowed per AGENTS
111	timer_delete	time	Deferred	Guest	Host-only	None	time::timer_delete (crates/carrick-kernel/src/dispatch/time.rs:71)	No	Counted-ENOSYS	Guest authority / in-kernel concern; host fallback disallowed per AGENTS
112	clock_settime	time	BringUp	Guest	Host-only	None	time::clock_settime (crates/carrick-kernel/src/dispatch/time.rs:72)	No	Counted-ENOSYS	Guest authority / in-kernel concern; host fallback disallowed per AGENTS
113	clock_gettime	time	BringUp	Hybrid	Host-only	None	time::clock_gettime (crates/carrick-kernel/src/dispatch/time.rs:73)	No	Forward-Allowlist	Host hardware monotonic/wall clock query (docs/host-facility-boundary.md)
114	clock_getres	time	BringUp	Hybrid	Host-only	None	time::clock_getres (crates/carrick-kernel/src/dispatch/time.rs:74)	No	Forward-Allowlist	Host hardware monotonic/wall clock query (docs/host-facility-boundary.md)
115	clock_nanosleep	time	BringUp	Host	Host-only	None	time::clock_nanosleep (crates/carrick-kernel/src/dispatch/time.rs:75)	No	Forward-Allowlist	Host hardware monotonic/wall clock query (docs/host-facility-boundary.md)
116	syslog	process	BringUp	Guest	Host-only	None	syslog::syslog (crates/carrick-kernel/src/dispatch/syslog.rs:43)	No	Counted-ENOSYS	Guest authority / in-kernel concern; host fallback disallowed per AGENTS
117	ptrace	process	BringUp	Guest	Host-only	None	proc::ptrace (crates/carrick-kernel/src/dispatch/proc.rs:77)	No	Counted-ENOSYS	Guest authority / in-kernel concern; host fallback disallowed per AGENTS
118	sched_setparam	sched	Deferred	Guest	Host-only	None	proc::sched_setparam (crates/carrick-kernel/src/dispatch/proc.rs:78)	No	Counted-ENOSYS	Guest authority / in-kernel concern; host fallback disallowed per AGENTS
119	sched_setscheduler	sched	Deferred	Guest	Host-only	None	proc::sched_setscheduler (crates/carrick-kernel/src/dispatch/proc.rs:79)	No	Counted-ENOSYS	Guest authority / in-kernel concern; host fallback disallowed per AGENTS
120	sched_getscheduler	sched	Deferred	Guest	Host-only	None	proc::sched_getscheduler (crates/carrick-kernel/src/dispatch/proc.rs:80)	No	Counted-ENOSYS	Guest authority / in-kernel concern; host fallback disallowed per AGENTS
121	sched_getparam	sched	Deferred	Guest	Host-only	None	proc::sched_getparam (crates/carrick-kernel/src/dispatch/proc.rs:81)	No	Counted-ENOSYS	Guest authority / in-kernel concern; host fallback disallowed per AGENTS
122	sched_setaffinity	sched	BringUp	Guest	Host-only	None	proc::sched_setaffinity (crates/carrick-kernel/src/dispatch/proc.rs:82)	No	Counted-ENOSYS	Guest authority / in-kernel concern; host fallback disallowed per AGENTS
123	sched_getaffinity	sched	BringUp	Guest	Host-only	None	proc::sched_getaffinity (crates/carrick-kernel/src/dispatch/proc.rs:83)	No	Counted-ENOSYS	Guest authority / in-kernel concern; host fallback disallowed per AGENTS
124	sched_yield	sched	BringUp	Host	Host-only	None	proc::sched_yield (crates/carrick-kernel/src/dispatch/proc.rs:84)	No	Counted-ENOSYS	Guest authority / in-kernel concern; host fallback disallowed per AGENTS
125	sched_get_priority_max	sched	BringUp	Guest	Host-only	None	proc::sched_get_priority_max (crates/carrick-kernel/src/dispatch/proc.rs:85)	No	Counted-ENOSYS	Guest authority / in-kernel concern; host fallback disallowed per AGENTS
126	sched_get_priority_min	sched	BringUp	Guest	Host-only	None	proc::sched_get_priority_min (crates/carrick-kernel/src/dispatch/proc.rs:86)	No	Counted-ENOSYS	Guest authority / in-kernel concern; host fallback disallowed per AGENTS
127	sched_rr_get_interval	sched	Deferred	Guest	Host-only	None	proc::sched_rr_get_interval (crates/carrick-kernel/src/dispatch/proc.rs:87)	No	Counted-ENOSYS	Guest authority / in-kernel concern; host fallback disallowed per AGENTS
128	restart_syscall	signal	Deferred	Guest	ENOSYS	None	None (ENOSYS)	No	Unclaimed-ENOSYS	Unimplemented BringUp syscall (SupportLevel::BringUp); answered with -ENOSYS
129	kill	signal	BringUp	Guest	Host-only	None	signal::kill (crates/carrick-kernel/src/dispatch/signal.rs:69)	No	Counted-ENOSYS	Guest authority / in-kernel concern; host fallback disallowed per AGENTS
130	tkill	signal	BringUp	Guest	Host-only	None	signal::tkill (crates/carrick-kernel/src/dispatch/signal.rs:70)	No	Counted-ENOSYS	Guest authority / in-kernel concern; host fallback disallowed per AGENTS
131	tgkill	signal	BringUp	Guest	Host-only	None	signal::tgkill (crates/carrick-kernel/src/dispatch/signal.rs:71)	No	Counted-ENOSYS	Guest authority / in-kernel concern; host fallback disallowed per AGENTS
132	sigaltstack	signal	BringUp	Guest	EL1-first	crates/carrick-el1/src/personality/thread_setup.rs	signal::sigaltstack (crates/carrick-kernel/src/dispatch/signal.rs:72)	Yes (crates/carrick-x86-cpl0/src/entry.rs:1942, crates/carrick-personality-linux/src/dispatch.rs:372)	Wire-in-ring	Shared kernel in-ring authority (carrick-personality-linux / carrick-x86-cpl0); wire existing handler on ARM EL1
133	rt_sigsuspend	signal	BringUp	Guest	Host-only	None	signal::rt_sigsuspend (crates/carrick-kernel/src/dispatch/signal.rs:73)	No	Counted-ENOSYS	Guest authority / in-kernel concern; host fallback disallowed per AGENTS
134	rt_sigaction	signal	BringUp	Guest	Host-only	None	signal::rt_sigaction (crates/carrick-kernel/src/dispatch/signal.rs:74)	No	Counted-ENOSYS	Guest authority / in-kernel concern; host fallback disallowed per AGENTS
135	rt_sigprocmask	signal	BringUp	Guest	EL1-first	crates/carrick-el1/src/personality/thread_setup.rs	signal::rt_sigprocmask (crates/carrick-kernel/src/dispatch/signal.rs:75)	Yes (crates/carrick-x86-cpl0/src/entry.rs:1942, crates/carrick-personality-linux/src/dispatch.rs:372)	Wire-in-ring	Shared kernel in-ring authority (carrick-personality-linux / carrick-x86-cpl0); wire existing handler on ARM EL1
136	rt_sigpending	signal	BringUp	Guest	Host-only	None	signal::rt_sigpending (crates/carrick-kernel/src/dispatch/signal.rs:76)	No	Counted-ENOSYS	Guest authority / in-kernel concern; host fallback disallowed per AGENTS
137	rt_sigtimedwait	signal	BringUp	Guest	Host-only	None	signal::rt_sigtimedwait (crates/carrick-kernel/src/dispatch/signal.rs:77)	No	Counted-ENOSYS	Guest authority / in-kernel concern; host fallback disallowed per AGENTS
138	rt_sigqueueinfo	signal	BringUp	Guest	Host-only	None	signal::rt_sigqueueinfo (crates/carrick-kernel/src/dispatch/signal.rs:78)	No	Counted-ENOSYS	Guest authority / in-kernel concern; host fallback disallowed per AGENTS
139	rt_sigreturn	signal	BringUp	Guest	Host-only	None	signal::rt_sigreturn (crates/carrick-kernel/src/dispatch/signal.rs:79)	No	Counted-ENOSYS	Guest authority / in-kernel concern; host fallback disallowed per AGENTS
140	setpriority	sched	BringUp	Guest	Host-only	None	creds::setpriority (crates/carrick-kernel/src/dispatch/creds.rs:57)	No	Counted-ENOSYS	Guest authority / in-kernel concern; host fallback disallowed per AGENTS
141	getpriority	sched	BringUp	Guest	Host-only	None	creds::getpriority (crates/carrick-kernel/src/dispatch/creds.rs:58)	No	Counted-ENOSYS	Guest authority / in-kernel concern; host fallback disallowed per AGENTS
142	reboot	process	BringUp	Guest	Host-only	None	proc::reboot (crates/carrick-kernel/src/dispatch/proc.rs:88)	No	Counted-ENOSYS	Guest authority / in-kernel concern; host fallback disallowed per AGENTS
143	setregid	process	BringUp	Guest	Host-only	None	creds::setregid (crates/carrick-kernel/src/dispatch/creds.rs:59)	No	Counted-ENOSYS	Guest authority / in-kernel concern; host fallback disallowed per AGENTS
144	setgid	process	BringUp	Guest	Host-only	None	creds::setgid (crates/carrick-kernel/src/dispatch/creds.rs:60)	No	Counted-ENOSYS	Guest authority / in-kernel concern; host fallback disallowed per AGENTS
145	setreuid	process	BringUp	Guest	Host-only	None	creds::setreuid (crates/carrick-kernel/src/dispatch/creds.rs:61)	No	Counted-ENOSYS	Guest authority / in-kernel concern; host fallback disallowed per AGENTS
146	setuid	process	BringUp	Guest	Host-only	None	creds::setuid (crates/carrick-kernel/src/dispatch/creds.rs:62)	No	Counted-ENOSYS	Guest authority / in-kernel concern; host fallback disallowed per AGENTS
147	setresuid	process	BringUp	Guest	Host-only	None	creds::setresuid (crates/carrick-kernel/src/dispatch/creds.rs:63)	No	Counted-ENOSYS	Guest authority / in-kernel concern; host fallback disallowed per AGENTS
148	getresuid	process	BringUp	Guest	Host-only	None	creds::getresuid (crates/carrick-kernel/src/dispatch/creds.rs:64)	No	Counted-ENOSYS	Guest authority / in-kernel concern; host fallback disallowed per AGENTS
149	setresgid	process	BringUp	Guest	Host-only	None	creds::setresgid (crates/carrick-kernel/src/dispatch/creds.rs:65)	No	Counted-ENOSYS	Guest authority / in-kernel concern; host fallback disallowed per AGENTS
150	getresgid	process	BringUp	Guest	Host-only	None	creds::getresgid (crates/carrick-kernel/src/dispatch/creds.rs:66)	No	Counted-ENOSYS	Guest authority / in-kernel concern; host fallback disallowed per AGENTS
151	setfsuid	process	BringUp	Guest	Host-only	None	creds::sys_setfsuid (crates/carrick-kernel/src/dispatch/creds.rs:69)	No	Counted-ENOSYS	Guest authority / in-kernel concern; host fallback disallowed per AGENTS
152	setfsgid	process	BringUp	Guest	Host-only	None	creds::sys_setfsgid (crates/carrick-kernel/src/dispatch/creds.rs:70)	No	Counted-ENOSYS	Guest authority / in-kernel concern; host fallback disallowed per AGENTS
153	times	time	BringUp	Guest	Host-only	None	time::times (crates/carrick-kernel/src/dispatch/time.rs:78)	No	Forward-Allowlist	Host hardware monotonic/wall clock query (docs/host-facility-boundary.md)
154	setpgid	process	BringUp	Guest	Host-only	None	proc::setpgid (crates/carrick-kernel/src/dispatch/proc.rs:89)	No	Counted-ENOSYS	Guest authority / in-kernel concern; host fallback disallowed per AGENTS
155	getpgid	process	BringUp	Guest	Host-only	None	proc::getpgid (crates/carrick-kernel/src/dispatch/proc.rs:90)	No	Counted-ENOSYS	Guest authority / in-kernel concern; host fallback disallowed per AGENTS
156	getsid	process	BringUp	Guest	Host-only	None	proc::getsid (crates/carrick-kernel/src/dispatch/proc.rs:91)	No	Counted-ENOSYS	Guest authority / in-kernel concern; host fallback disallowed per AGENTS
157	setsid	process	BringUp	Guest	Host-only	None	proc::setsid (crates/carrick-kernel/src/dispatch/proc.rs:92)	No	Counted-ENOSYS	Guest authority / in-kernel concern; host fallback disallowed per AGENTS
158	getgroups	process	BringUp	Guest	Host-only	None	creds::getgroups (crates/carrick-kernel/src/dispatch/creds.rs:67)	No	Counted-ENOSYS	Guest authority / in-kernel concern; host fallback disallowed per AGENTS
159	setgroups	process	BringUp	Guest	Host-only	None	creds::sys_setgroups (crates/carrick-kernel/src/dispatch/creds.rs:71)	No	Counted-ENOSYS	Guest authority / in-kernel concern; host fallback disallowed per AGENTS
160	uname	process	BringUp	Guest	Host-only	None	proc::uname (crates/carrick-kernel/src/dispatch/proc.rs:93)	No	Counted-ENOSYS	Guest authority / in-kernel concern; host fallback disallowed per AGENTS
161	sethostname	process	BringUp	Guest	Host-only	None	proc::sethostname (crates/carrick-kernel/src/dispatch/proc.rs:94)	No	Counted-ENOSYS	Guest authority / in-kernel concern; host fallback disallowed per AGENTS
162	setdomainname	process	BringUp	Guest	Host-only	None	proc::setdomainname (crates/carrick-kernel/src/dispatch/proc.rs:95)	No	Counted-ENOSYS	Guest authority / in-kernel concern; host fallback disallowed per AGENTS
163	getrlimit	process	Deferred	Guest	Host-only	None	time::getrlimit (crates/carrick-kernel/src/dispatch/time.rs:79)	No	Counted-ENOSYS	Guest authority / in-kernel concern; host fallback disallowed per AGENTS
164	setrlimit	process	Deferred	Guest	ENOSYS	None	None (ENOSYS)	No	Unclaimed-ENOSYS	Unimplemented BringUp syscall (SupportLevel::BringUp); answered with -ENOSYS
165	getrusage	process	BringUp	Guest	Host-only	None	time::getrusage (crates/carrick-kernel/src/dispatch/time.rs:80)	No	Counted-ENOSYS	Guest authority / in-kernel concern; host fallback disallowed per AGENTS
166	umask	process	BringUp	Guest	Host-only	None	creds::umask (crates/carrick-kernel/src/dispatch/creds.rs:68)	No	Counted-ENOSYS	Guest authority / in-kernel concern; host fallback disallowed per AGENTS
167	prctl	process	BringUp	Guest	Host-only	None	proc::prctl (crates/carrick-kernel/src/dispatch/proc.rs:96)	No	Counted-ENOSYS	Guest authority / in-kernel concern; host fallback disallowed per AGENTS
168	getcpu	sched	BringUp	Guest	Host-only	None	proc::getcpu (crates/carrick-kernel/src/dispatch/proc.rs:97)	No	Counted-ENOSYS	Guest authority / in-kernel concern; host fallback disallowed per AGENTS
169	gettimeofday	time	BringUp	Hybrid	Host-only	None	time::gettimeofday (crates/carrick-kernel/src/dispatch/time.rs:81)	No	Forward-Allowlist	Host hardware monotonic/wall clock query (docs/host-facility-boundary.md)
170	settimeofday	time	BringUp	Guest	Host-only	None	time::settimeofday (crates/carrick-kernel/src/dispatch/time.rs:82)	No	Counted-ENOSYS	Guest authority / in-kernel concern; host fallback disallowed per AGENTS
171	adjtimex	time	BringUp	Hybrid	Host-only	None	time::adjtimex (crates/carrick-kernel/src/dispatch/time.rs:83)	No	Counted-ENOSYS	Guest authority / in-kernel concern; host fallback disallowed per AGENTS
172	getpid	process	BringUp	Guest	EL1-first	crates/carrick-el1/src/personality/lifecycle.rs	creds::sys_getpid (crates/carrick-kernel/src/dispatch/creds.rs:72)	Yes (crates/carrick-x86-cpl0/src/entry.rs:1942, crates/carrick-personality-linux/src/dispatch.rs:372)	Wire-in-ring	Shared kernel in-ring authority (carrick-personality-linux / carrick-x86-cpl0); wire existing handler on ARM EL1
173	getppid	process	BringUp	Guest	Host-only	None	creds::sys_getppid (crates/carrick-kernel/src/dispatch/creds.rs:73)	No	Counted-ENOSYS	Guest authority / in-kernel concern; host fallback disallowed per AGENTS
174	getuid	process	BringUp	Guest	Host-only	None	creds::sys_getuid (crates/carrick-kernel/src/dispatch/creds.rs:74)	No	Counted-ENOSYS	Guest authority / in-kernel concern; host fallback disallowed per AGENTS
175	geteuid	process	BringUp	Guest	Host-only	None	creds::sys_geteuid (crates/carrick-kernel/src/dispatch/creds.rs:75)	No	Counted-ENOSYS	Guest authority / in-kernel concern; host fallback disallowed per AGENTS
176	getgid	process	BringUp	Guest	Host-only	None	creds::sys_getgid (crates/carrick-kernel/src/dispatch/creds.rs:76)	No	Counted-ENOSYS	Guest authority / in-kernel concern; host fallback disallowed per AGENTS
177	getegid	process	BringUp	Guest	Host-only	None	creds::sys_getegid (crates/carrick-kernel/src/dispatch/creds.rs:77)	No	Counted-ENOSYS	Guest authority / in-kernel concern; host fallback disallowed per AGENTS
178	gettid	process	BringUp	Guest	EL1-first	crates/carrick-el1/src/personality/lifecycle.rs	proc::gettid (crates/carrick-kernel/src/dispatch/proc.rs:113)	Yes (crates/carrick-x86-cpl0/src/entry.rs:1942, crates/carrick-personality-linux/src/dispatch.rs:372)	Wire-in-ring	Shared kernel in-ring authority (carrick-personality-linux / carrick-x86-cpl0); wire existing handler on ARM EL1
179	sysinfo	process	BringUp	Guest	Host-only	None	time::sysinfo (crates/carrick-kernel/src/dispatch/time.rs:84)	No	Counted-ENOSYS	Guest authority / in-kernel concern; host fallback disallowed per AGENTS
180	mq_open	ipc	BringUp	Guest	Host-only	None	mqueue::mq_open (crates/carrick-kernel/src/dispatch/mqueue.rs:23)	No	Counted-ENOSYS	Guest authority / in-kernel concern; host fallback disallowed per AGENTS
181	mq_unlink	ipc	BringUp	Guest	Host-only	None	mqueue::mq_unlink (crates/carrick-kernel/src/dispatch/mqueue.rs:24)	No	Counted-ENOSYS	Guest authority / in-kernel concern; host fallback disallowed per AGENTS
182	mq_timedsend	ipc	BringUp	Guest	Host-only	None	mqueue::mq_timedsend (crates/carrick-kernel/src/dispatch/mqueue.rs:25)	No	Counted-ENOSYS	Guest authority / in-kernel concern; host fallback disallowed per AGENTS
183	mq_timedreceive	ipc	BringUp	Guest	Host-only	None	mqueue::mq_timedreceive (crates/carrick-kernel/src/dispatch/mqueue.rs:26)	No	Counted-ENOSYS	Guest authority / in-kernel concern; host fallback disallowed per AGENTS
184	mq_notify	ipc	BringUp	Guest	Host-only	None	mqueue::mq_notify (crates/carrick-kernel/src/dispatch/mqueue.rs:27)	No	Counted-ENOSYS	Guest authority / in-kernel concern; host fallback disallowed per AGENTS
185	mq_getsetattr	ipc	BringUp	Guest	Host-only	None	mqueue::mq_getsetattr (crates/carrick-kernel/src/dispatch/mqueue.rs:28)	No	Counted-ENOSYS	Guest authority / in-kernel concern; host fallback disallowed per AGENTS
186	msgget	ipc	BringUp	Hybrid	Host-only	None	sysv::msgget (crates/carrick-kernel/src/dispatch/sysv.rs:52)	No	Counted-ENOSYS	Guest authority / in-kernel concern; host fallback disallowed per AGENTS
187	msgctl	ipc	BringUp	Hybrid	Host-only	None	sysv::msgctl (crates/carrick-kernel/src/dispatch/sysv.rs:53)	No	Counted-ENOSYS	Guest authority / in-kernel concern; host fallback disallowed per AGENTS
188	msgrcv	ipc	BringUp	Hybrid	Host-only	None	sysv::msgrcv (crates/carrick-kernel/src/dispatch/sysv.rs:54)	No	Counted-ENOSYS	Guest authority / in-kernel concern; host fallback disallowed per AGENTS
189	msgsnd	ipc	BringUp	Hybrid	Host-only	None	sysv::msgsnd (crates/carrick-kernel/src/dispatch/sysv.rs:55)	No	Counted-ENOSYS	Guest authority / in-kernel concern; host fallback disallowed per AGENTS
190	semget	ipc	BringUp	Guest	Host-only	None	sysv::semget (crates/carrick-kernel/src/dispatch/sysv.rs:56)	No	Counted-ENOSYS	Guest authority / in-kernel concern; host fallback disallowed per AGENTS
191	semctl	ipc	BringUp	Guest	Host-only	None	sysv::semctl (crates/carrick-kernel/src/dispatch/sysv.rs:57)	No	Counted-ENOSYS	Guest authority / in-kernel concern; host fallback disallowed per AGENTS
192	semtimedop	ipc	BringUp	Guest	Host-only	None	sysv::semtimedop (crates/carrick-kernel/src/dispatch/sysv.rs:58)	No	Counted-ENOSYS	Guest authority / in-kernel concern; host fallback disallowed per AGENTS
193	semop	ipc	BringUp	Guest	Host-only	None	sysv::semop (crates/carrick-kernel/src/dispatch/sysv.rs:59)	No	Counted-ENOSYS	Guest authority / in-kernel concern; host fallback disallowed per AGENTS
194	shmget	ipc	BringUp	Hybrid	Host-only	None	sysv::shmget (crates/carrick-kernel/src/dispatch/sysv.rs:60)	No	Counted-ENOSYS	Guest authority / in-kernel concern; host fallback disallowed per AGENTS
195	shmctl	ipc	BringUp	Hybrid	Host-only	None	sysv::shmctl (crates/carrick-kernel/src/dispatch/sysv.rs:61)	No	Counted-ENOSYS	Guest authority / in-kernel concern; host fallback disallowed per AGENTS
196	shmat	ipc	BringUp	Hybrid	Host-only	None	sysv::shmat (crates/carrick-kernel/src/dispatch/sysv.rs:67)	No	Counted-ENOSYS	Guest authority / in-kernel concern; host fallback disallowed per AGENTS
197	shmdt	ipc	BringUp	Hybrid	Host-only	None	sysv::shmdt (crates/carrick-kernel/src/dispatch/sysv.rs:62)	No	Counted-ENOSYS	Guest authority / in-kernel concern; host fallback disallowed per AGENTS
198	socket	net	BringUp	Host	Host-only	None	net::socket (crates/carrick-kernel/src/dispatch/net.rs:125)	No	Forward-Allowlist	Host network BSD socket crossing (docs/host-facility-boundary.md)
199	socketpair	net	BringUp	Host	Host-only	None	net::socketpair (crates/carrick-kernel/src/dispatch/net.rs:126)	No	Forward-Allowlist	Host network BSD socket crossing (docs/host-facility-boundary.md)
200	bind	net	BringUp	Host	Host-only	None	net::bind (crates/carrick-kernel/src/dispatch/net.rs:127)	No	Forward-Allowlist	Host network BSD socket crossing (docs/host-facility-boundary.md)
201	listen	net	BringUp	Host	Host-only	None	net::listen (crates/carrick-kernel/src/dispatch/net.rs:128)	No	Forward-Allowlist	Host network BSD socket crossing (docs/host-facility-boundary.md)
202	accept	net	BringUp	Host	Host-only	None	net::accept (crates/carrick-kernel/src/dispatch/net.rs:129)	No	Forward-Allowlist	Host network BSD socket crossing (docs/host-facility-boundary.md)
203	connect	net	BringUp	Host	Host-only	None	net::connect (crates/carrick-kernel/src/dispatch/net.rs:130)	No	Forward-Allowlist	Host network BSD socket crossing (docs/host-facility-boundary.md)
204	getsockname	net	BringUp	Host	Host-only	None	net::getsockname (crates/carrick-kernel/src/dispatch/net.rs:131)	No	Forward-Allowlist	Host network BSD socket crossing (docs/host-facility-boundary.md)
205	getpeername	net	BringUp	Host	Host-only	None	net::getpeername (crates/carrick-kernel/src/dispatch/net.rs:132)	No	Forward-Allowlist	Host network BSD socket crossing (docs/host-facility-boundary.md)
206	sendto	net	BringUp	Host	Host-only	None	net::sendto (crates/carrick-kernel/src/dispatch/net.rs:133)	No	Forward-Allowlist	Host network BSD socket crossing (docs/host-facility-boundary.md)
207	recvfrom	net	BringUp	Host	Host-only	None	net::recvfrom (crates/carrick-kernel/src/dispatch/net.rs:134)	No	Forward-Allowlist	Host network BSD socket crossing (docs/host-facility-boundary.md)
208	setsockopt	net	BringUp	Host	Host-only	None	net::setsockopt (crates/carrick-kernel/src/dispatch/net.rs:135)	No	Forward-Allowlist	Host network BSD socket crossing (docs/host-facility-boundary.md)
209	getsockopt	net	BringUp	Host	Host-only	None	net::getsockopt (crates/carrick-kernel/src/dispatch/net.rs:136)	No	Forward-Allowlist	Host network BSD socket crossing (docs/host-facility-boundary.md)
210	shutdown	net	BringUp	Host	Host-only	None	net::shutdown (crates/carrick-kernel/src/dispatch/net.rs:137)	No	Forward-Allowlist	Host network BSD socket crossing (docs/host-facility-boundary.md)
211	sendmsg	net	BringUp	Host	Host-only	None	net::sendmsg (crates/carrick-kernel/src/dispatch/net.rs:138)	No	Forward-Allowlist	Host network BSD socket crossing (docs/host-facility-boundary.md)
212	recvmsg	net	BringUp	Host	Host-only	None	net::recvmsg (crates/carrick-kernel/src/dispatch/net.rs:139)	No	Forward-Allowlist	Host network BSD socket crossing (docs/host-facility-boundary.md)
213	readahead	fs	BringUp	Host	Host-only	None	mem::readahead (crates/carrick-kernel/src/dispatch/mem.rs:127)	No	Counted-ENOSYS	Guest authority / in-kernel concern; host fallback disallowed per AGENTS
214	brk	mm	BringUp	Hybrid	EL1-first	crates/carrick-el1/src/personality/mm_portal	mem::brk (crates/carrick-kernel/src/dispatch/mem.rs:139)	Yes (crates/carrick-x86-cpl0/src/entry.rs:1942, crates/carrick-personality-linux/src/dispatch.rs:372)	Wire-in-ring	Shared kernel in-ring authority (carrick-personality-linux / carrick-x86-cpl0); wire existing handler on ARM EL1
215	munmap	mm	BringUp	Hybrid	EL1-first	crates/carrick-el1/src/personality/mm_portal	mem::munmap (crates/carrick-kernel/src/dispatch/mem.rs:140)	Yes (crates/carrick-x86-cpl0/src/entry.rs:1942, crates/carrick-personality-linux/src/dispatch.rs:372)	Wire-in-ring	Shared kernel in-ring authority (carrick-personality-linux / carrick-x86-cpl0); wire existing handler on ARM EL1
216	mremap	mm	BringUp	Hybrid	EL1-first	crates/carrick-el1/src/personality/mm_portal	mem::mremap (crates/carrick-kernel/src/dispatch/mem.rs:141)	Yes (crates/carrick-x86-cpl0/src/entry.rs:1942, crates/carrick-personality-linux/src/dispatch.rs:372)	Wire-in-ring	Shared kernel in-ring authority (carrick-personality-linux / carrick-x86-cpl0); wire existing handler on ARM EL1
217	add_key	process	BringUp	Guest	Host-only	None	keys::add_key (crates/carrick-kernel/src/dispatch/keys.rs:41)	No	Counted-ENOSYS	Guest authority / in-kernel concern; host fallback disallowed per AGENTS
218	request_key	process	BringUp	Guest	Host-only	None	keys::request_key (crates/carrick-kernel/src/dispatch/keys.rs:42)	No	Counted-ENOSYS	Guest authority / in-kernel concern; host fallback disallowed per AGENTS
219	keyctl	process	BringUp	Guest	Host-only	None	keys::keyctl (crates/carrick-kernel/src/dispatch/keys.rs:43)	No	Counted-ENOSYS	Guest authority / in-kernel concern; host fallback disallowed per AGENTS
220	clone	process	BringUp	Guest	EL1-first	crates/carrick-el1/src/personality/lifecycle.rs, process_owner.rs	proc::clone (crates/carrick-kernel/src/dispatch/proc.rs:98)	Yes (crates/carrick-x86-cpl0/src/entry.rs:1942, crates/carrick-personality-linux/src/dispatch.rs:372)	Wire-in-ring	Shared kernel in-ring authority (carrick-personality-linux / carrick-x86-cpl0); wire existing handler on ARM EL1
221	execve	process	BringUp	Guest	Host-only	None	proc::execve (crates/carrick-kernel/src/dispatch/proc.rs:99)	No	Forward-Allowlist	Host file contents and filesystem metadata (docs/host-facility-boundary.md)
222	mmap	mm	BringUp	Hybrid	EL1-first	crates/carrick-el1/src/personality/mm_portal	mem::mmap (crates/carrick-kernel/src/dispatch/mem.rs:142)	Yes (crates/carrick-x86-cpl0/src/entry.rs:1942, crates/carrick-personality-linux/src/dispatch.rs:372)	Wire-in-ring	Shared kernel in-ring authority (carrick-personality-linux / carrick-x86-cpl0); wire existing handler on ARM EL1
223	fadvise64	mm	BringUp	Hybrid	Host-only	None	mem::fadvise64 (crates/carrick-kernel/src/dispatch/mem.rs:128)	No	Counted-ENOSYS	Guest authority / in-kernel concern; host fallback disallowed per AGENTS
224	swapon	mm	Deferred	Hybrid	ENOSYS	None	None (ENOSYS)	No	Unclaimed-ENOSYS	Unimplemented BringUp syscall (SupportLevel::BringUp); answered with -ENOSYS
225	swapoff	mm	Deferred	Hybrid	ENOSYS	None	None (ENOSYS)	No	Unclaimed-ENOSYS	Unimplemented BringUp syscall (SupportLevel::BringUp); answered with -ENOSYS
226	mprotect	mm	BringUp	Hybrid	EL1-first	crates/carrick-el1/src/personality/mm_portal	mem::mprotect (crates/carrick-kernel/src/dispatch/mem.rs:143)	Yes (crates/carrick-x86-cpl0/src/entry.rs:1942, crates/carrick-personality-linux/src/dispatch.rs:372)	Wire-in-ring	Shared kernel in-ring authority (carrick-personality-linux / carrick-x86-cpl0); wire existing handler on ARM EL1
227	msync	mm	BringUp	Hybrid	Host-only	None	mem::msync (crates/carrick-kernel/src/dispatch/mem.rs:144)	No	Forward-Allowlist	Host file contents and filesystem metadata (docs/host-facility-boundary.md)
228	mlock	mm	BringUp	Hybrid	Host-only	None	mem::mlock (crates/carrick-kernel/src/dispatch/mem.rs:145)	No	Forward-Allowlist	Host file contents and filesystem metadata (docs/host-facility-boundary.md)
229	munlock	mm	BringUp	Hybrid	Host-only	None	mem::munlock (crates/carrick-kernel/src/dispatch/mem.rs:146)	No	Forward-Allowlist	Host file contents and filesystem metadata (docs/host-facility-boundary.md)
230	mlockall	mm	BringUp	Hybrid	Host-only	None	mem::mlockall (crates/carrick-kernel/src/dispatch/mem.rs:147)	No	Counted-ENOSYS	Guest authority / in-kernel concern; host fallback disallowed per AGENTS
231	munlockall	mm	BringUp	Hybrid	Host-only	None	mem::munlockall (crates/carrick-kernel/src/dispatch/mem.rs:148)	No	Counted-ENOSYS	Guest authority / in-kernel concern; host fallback disallowed per AGENTS
232	mincore	mm	BringUp	Hybrid	Host-only	None	mem::mincore (crates/carrick-kernel/src/dispatch/mem.rs:149)	No	Forward-Allowlist	Host file contents and filesystem metadata (docs/host-facility-boundary.md)
233	madvise	mm	BringUp	Hybrid	Host-only	None	mem::madvise (crates/carrick-kernel/src/dispatch/mem.rs:150)	No	Forward-Allowlist	Host file contents and filesystem metadata (docs/host-facility-boundary.md)
234	remap_file_pages	mm	Deferred	Hybrid	Host-only	None	mem::remap_file_pages (crates/carrick-kernel/src/dispatch/mem.rs:134)	No	Counted-ENOSYS	Guest authority / in-kernel concern; host fallback disallowed per AGENTS
235	mbind	mm	Deferred	Hybrid	ENOSYS	None	None (ENOSYS)	No	Unclaimed-ENOSYS	Unimplemented BringUp syscall (SupportLevel::BringUp); answered with -ENOSYS
236	get_mempolicy	mm	Deferred	Hybrid	ENOSYS	None	None (ENOSYS)	No	Unclaimed-ENOSYS	Unimplemented BringUp syscall (SupportLevel::BringUp); answered with -ENOSYS
237	set_mempolicy	mm	Deferred	Hybrid	ENOSYS	None	None (ENOSYS)	No	Unclaimed-ENOSYS	Unimplemented BringUp syscall (SupportLevel::BringUp); answered with -ENOSYS
238	migrate_pages	mm	Deferred	Hybrid	ENOSYS	None	None (ENOSYS)	No	Unclaimed-ENOSYS	Unimplemented BringUp syscall (SupportLevel::BringUp); answered with -ENOSYS
239	move_pages	mm	Deferred	Hybrid	ENOSYS	None	None (ENOSYS)	No	Unclaimed-ENOSYS	Unimplemented BringUp syscall (SupportLevel::BringUp); answered with -ENOSYS
240	rt_tgsigqueueinfo	signal	Deferred	Guest	Host-only	None	signal::rt_tgsigqueueinfo (crates/carrick-kernel/src/dispatch/signal.rs:80)	No	Counted-ENOSYS	Guest authority / in-kernel concern; host fallback disallowed per AGENTS
241	perf_event_open	process	BringUp	Guest	Host-only	None	perf::perf_event_open (crates/carrick-kernel/src/dispatch/perf.rs:76)	No	Counted-ENOSYS	Guest authority / in-kernel concern; host fallback disallowed per AGENTS
242	accept4	net	BringUp	Host	Host-only	None	net::accept4 (crates/carrick-kernel/src/dispatch/net.rs:140)	No	Forward-Allowlist	Host network BSD socket crossing (docs/host-facility-boundary.md)
243	recvmmsg	net	BringUp	Host	Host-only	None	net::sys_recvmmsg (crates/carrick-kernel/src/dispatch/net.rs:141)	No	Forward-Allowlist	Host network BSD socket crossing (docs/host-facility-boundary.md)
260	wait4	process	BringUp	Guest	EL1-first	crates/carrick-el1/src/personality/process_owner.rs	proc::wait4 (crates/carrick-kernel/src/dispatch/proc.rs:102)	Yes (crates/carrick-x86-cpl0/src/entry.rs:1942, crates/carrick-personality-linux/src/dispatch.rs:372)	Wire-in-ring	Shared kernel in-ring authority (carrick-personality-linux / carrick-x86-cpl0); wire existing handler on ARM EL1
261	prlimit64	process	BringUp	Guest	Host-only	None	time::prlimit64 (crates/carrick-kernel/src/dispatch/time.rs:85)	No	Counted-ENOSYS	Guest authority / in-kernel concern; host fallback disallowed per AGENTS
262	fanotify_init	fs	BringUp	Host	Host-only	None	fs::fanotify_init (crates/carrick-kernel/src/dispatch/fs.rs:150)	No	Counted-ENOSYS	Guest authority / in-kernel concern; host fallback disallowed per AGENTS
263	fanotify_mark	fs	BringUp	Host	Host-only	None	fs::fanotify_mark (crates/carrick-kernel/src/dispatch/fs.rs:151)	No	Counted-ENOSYS	Guest authority / in-kernel concern; host fallback disallowed per AGENTS
264	name_to_handle_at	fs	BringUp	Host	Host-only	None	fs::name_to_handle_at (crates/carrick-kernel/src/dispatch/fs.rs:152)	No	Counted-ENOSYS	Guest authority / in-kernel concern; host fallback disallowed per AGENTS
265	open_by_handle_at	fs	Deferred	Host	ENOSYS	None	None (ENOSYS)	No	Unclaimed-ENOSYS	Unimplemented BringUp syscall (SupportLevel::BringUp); answered with -ENOSYS
266	clock_adjtime	time	BringUp	Hybrid	Host-only	None	time::clock_adjtime (crates/carrick-kernel/src/dispatch/time.rs:86)	No	Counted-ENOSYS	Guest authority / in-kernel concern; host fallback disallowed per AGENTS
267	syncfs	fs	BringUp	Host	Host-only	None	fs::syncfs (crates/carrick-kernel/src/dispatch/fs.rs:153)	No	Forward-Allowlist	Host file contents and filesystem metadata (docs/host-facility-boundary.md)
268	setns	process	Deferred	Guest	ENOSYS	None	None (ENOSYS)	No	Unclaimed-ENOSYS	Unimplemented BringUp syscall (SupportLevel::BringUp); answered with -ENOSYS
269	sendmmsg	net	BringUp	Host	Host-only	None	net::sys_sendmmsg (crates/carrick-kernel/src/dispatch/net.rs:142)	No	Forward-Allowlist	Host network BSD socket crossing (docs/host-facility-boundary.md)
270	process_vm_readv	process	BringUp	Guest	Host-only	None	proc::process_vm_readv (crates/carrick-kernel/src/dispatch/proc.rs:103)	No	Counted-ENOSYS	Guest authority / in-kernel concern; host fallback disallowed per AGENTS
271	process_vm_writev	process	BringUp	Guest	Host-only	None	proc::process_vm_writev (crates/carrick-kernel/src/dispatch/proc.rs:104)	No	Counted-ENOSYS	Guest authority / in-kernel concern; host fallback disallowed per AGENTS
272	kcmp	process	BringUp	Guest	Host-only	None	proc::kcmp (crates/carrick-kernel/src/dispatch/proc.rs:105)	No	Counted-ENOSYS	Guest authority / in-kernel concern; host fallback disallowed per AGENTS
273	finit_module	process	Deferred	Guest	ENOSYS	None	None (ENOSYS)	No	Unclaimed-ENOSYS	Unimplemented BringUp syscall (SupportLevel::BringUp); answered with -ENOSYS
274	sched_setattr	sched	Deferred	Guest	ENOSYS	None	None (ENOSYS)	No	Unclaimed-ENOSYS	Unimplemented BringUp syscall (SupportLevel::BringUp); answered with -ENOSYS
275	sched_getattr	sched	Deferred	Guest	Host-only	None	proc::sched_getattr (crates/carrick-kernel/src/dispatch/proc.rs:107)	No	Counted-ENOSYS	Guest authority / in-kernel concern; host fallback disallowed per AGENTS
276	renameat2	fs	BringUp	Host	Host-only	None	fs::renameat2 (crates/carrick-kernel/src/dispatch/fs.rs:156)	No	Forward-Allowlist	Host file contents and filesystem metadata (docs/host-facility-boundary.md)
277	seccomp	process	BringUp	Guest	Host-only	None	proc::sys_seccomp (crates/carrick-kernel/src/dispatch/proc.rs:106)	No	Counted-ENOSYS	Guest authority / in-kernel concern; host fallback disallowed per AGENTS
278	getrandom	random	BringUp	Host	Host-only	None	proc::getrandom (crates/carrick-kernel/src/dispatch/proc.rs:108)	No	Forward-Allowlist	Host hardware entropy generator (docs/host-facility-boundary.md)
279	memfd_create	fs	BringUp	Host	Host-only	None	fs::memfd_create (crates/carrick-kernel/src/dispatch/fs.rs:157)	No	Counted-ENOSYS	Guest authority / in-kernel concern; host fallback disallowed per AGENTS
280	bpf	process	BringUp	Guest	Host-only	None	bpf::bpf (crates/carrick-kernel/src/dispatch/bpf.rs:59)	No	Counted-ENOSYS	Guest authority / in-kernel concern; host fallback disallowed per AGENTS
281	execveat	process	Planned	Guest	Host-only	None	proc::execveat (crates/carrick-kernel/src/dispatch/proc.rs:101)	No	Counted-ENOSYS	Guest authority / in-kernel concern; host fallback disallowed per AGENTS
282	userfaultfd	mm	BringUp	Hybrid	Host-only	None	mem::userfaultfd (crates/carrick-kernel/src/dispatch/mem.rs:133)	No	Counted-ENOSYS	Guest authority / in-kernel concern; host fallback disallowed per AGENTS
283	membarrier	process	BringUp	Guest	Host-only	None	mem::sys_membarrier (crates/carrick-kernel/src/dispatch/mem.rs:132)	No	Counted-ENOSYS	Guest authority / in-kernel concern; host fallback disallowed per AGENTS
284	mlock2	mm	BringUp	Hybrid	Host-only	None	mem::mlock2 (crates/carrick-kernel/src/dispatch/mem.rs:151)	No	Forward-Allowlist	Host file contents and filesystem metadata (docs/host-facility-boundary.md)
285	copy_file_range	fs	BringUp	Host	Host-only	None	fs::copy_file_range (crates/carrick-kernel/src/dispatch/fs.rs:159)	No	Forward-Allowlist	Host file contents and filesystem metadata (docs/host-facility-boundary.md)
286	preadv2	fs	Deferred	Host	Host-only	None	fs::preadv (crates/carrick-kernel/src/dispatch/fs.rs:166)	No	Forward-Allowlist	Host file contents and filesystem metadata (docs/host-facility-boundary.md)
287	pwritev2	fs	Deferred	Host	Host-only	None	fs::pwritev (crates/carrick-kernel/src/dispatch/fs.rs:167)	No	Forward-Allowlist	Host file contents and filesystem metadata (docs/host-facility-boundary.md)
288	pkey_mprotect	mm	Deferred	Hybrid	ENOSYS	None	None (ENOSYS)	No	Unclaimed-ENOSYS	Unimplemented BringUp syscall (SupportLevel::BringUp); answered with -ENOSYS
289	pkey_alloc	mm	Deferred	Hybrid	ENOSYS	None	None (ENOSYS)	No	Unclaimed-ENOSYS	Unimplemented BringUp syscall (SupportLevel::BringUp); answered with -ENOSYS
290	pkey_free	mm	Deferred	Hybrid	ENOSYS	None	None (ENOSYS)	No	Unclaimed-ENOSYS	Unimplemented BringUp syscall (SupportLevel::BringUp); answered with -ENOSYS
291	statx	fs	BringUp	Host	Host-only	None	fs::statx (crates/carrick-kernel/src/dispatch/fs.rs:168)	No	Forward-Allowlist	Host file contents and filesystem metadata (docs/host-facility-boundary.md)
292	io_pgetevents	io	Deferred	Host	ENOSYS	None	None (ENOSYS)	No	Unclaimed-ENOSYS	Unimplemented BringUp syscall (SupportLevel::BringUp); answered with -ENOSYS
293	rseq	process	Deferred	Guest	Host-only	None	proc::sys_rseq (crates/carrick-kernel/src/dispatch/proc.rs:115)	No	Counted-ENOSYS	Guest authority / in-kernel concern; host fallback disallowed per AGENTS
294	kexec_file_load	process	Deferred	Guest	ENOSYS	None	None (ENOSYS)	No	Unclaimed-ENOSYS	Unimplemented BringUp syscall (SupportLevel::BringUp); answered with -ENOSYS
403	clock_gettime64	time	Deferred	Hybrid	ENOSYS	None	None (ENOSYS)	No	Unclaimed-ENOSYS	Unimplemented BringUp syscall (SupportLevel::BringUp); answered with -ENOSYS
404	clock_settime64	time	Deferred	Guest	ENOSYS	None	None (ENOSYS)	No	Unclaimed-ENOSYS	Unimplemented BringUp syscall (SupportLevel::BringUp); answered with -ENOSYS
405	clock_adjtime64	time	Deferred	Hybrid	ENOSYS	None	None (ENOSYS)	No	Unclaimed-ENOSYS	Unimplemented BringUp syscall (SupportLevel::BringUp); answered with -ENOSYS
406	clock_getres_time64	time	Deferred	Hybrid	ENOSYS	None	None (ENOSYS)	No	Unclaimed-ENOSYS	Unimplemented BringUp syscall (SupportLevel::BringUp); answered with -ENOSYS
407	clock_nanosleep_time64	time	Deferred	Host	ENOSYS	None	None (ENOSYS)	No	Unclaimed-ENOSYS	Unimplemented BringUp syscall (SupportLevel::BringUp); answered with -ENOSYS
408	timer_gettime64	time	Deferred	Guest	ENOSYS	None	None (ENOSYS)	No	Unclaimed-ENOSYS	Unimplemented BringUp syscall (SupportLevel::BringUp); answered with -ENOSYS
409	timer_settime64	time	Deferred	Guest	ENOSYS	None	None (ENOSYS)	No	Unclaimed-ENOSYS	Unimplemented BringUp syscall (SupportLevel::BringUp); answered with -ENOSYS
410	timerfd_gettime64	time	Deferred	Guest	ENOSYS	None	None (ENOSYS)	No	Unclaimed-ENOSYS	Unimplemented BringUp syscall (SupportLevel::BringUp); answered with -ENOSYS
411	timerfd_settime64	time	Deferred	Guest	ENOSYS	None	None (ENOSYS)	No	Unclaimed-ENOSYS	Unimplemented BringUp syscall (SupportLevel::BringUp); answered with -ENOSYS
412	utimensat_time64	fs	Deferred	Host	ENOSYS	None	None (ENOSYS)	No	Unclaimed-ENOSYS	Unimplemented BringUp syscall (SupportLevel::BringUp); answered with -ENOSYS
413	pselect6_time64	fs	Deferred	Host	ENOSYS	None	None (ENOSYS)	No	Unclaimed-ENOSYS	Unimplemented BringUp syscall (SupportLevel::BringUp); answered with -ENOSYS
414	ppoll_time64	fs	Deferred	Host	ENOSYS	None	None (ENOSYS)	No	Unclaimed-ENOSYS	Unimplemented BringUp syscall (SupportLevel::BringUp); answered with -ENOSYS
416	io_pgetevents_time64	io	Deferred	Host	ENOSYS	None	None (ENOSYS)	No	Unclaimed-ENOSYS	Unimplemented BringUp syscall (SupportLevel::BringUp); answered with -ENOSYS
417	recvmmsg_time64	net	Deferred	Host	ENOSYS	None	None (ENOSYS)	No	Unclaimed-ENOSYS	Unimplemented BringUp syscall (SupportLevel::BringUp); answered with -ENOSYS
418	mq_timedsend_time64	ipc	Deferred	Guest	ENOSYS	None	None (ENOSYS)	No	Unclaimed-ENOSYS	Unimplemented BringUp syscall (SupportLevel::BringUp); answered with -ENOSYS
419	mq_timedreceive_time64	ipc	Deferred	Guest	ENOSYS	None	None (ENOSYS)	No	Unclaimed-ENOSYS	Unimplemented BringUp syscall (SupportLevel::BringUp); answered with -ENOSYS
420	semtimedop_time64	ipc	Deferred	Guest	ENOSYS	None	None (ENOSYS)	No	Unclaimed-ENOSYS	Unimplemented BringUp syscall (SupportLevel::BringUp); answered with -ENOSYS
421	rt_sigtimedwait_time64	signal	Deferred	Guest	ENOSYS	None	None (ENOSYS)	No	Unclaimed-ENOSYS	Unimplemented BringUp syscall (SupportLevel::BringUp); answered with -ENOSYS
422	futex_time64	process	Deferred	Guest	ENOSYS	None	None (ENOSYS)	No	Unclaimed-ENOSYS	Unimplemented BringUp syscall (SupportLevel::BringUp); answered with -ENOSYS
423	sched_rr_get_interval_time64	sched	Deferred	Guest	ENOSYS	None	None (ENOSYS)	No	Unclaimed-ENOSYS	Unimplemented BringUp syscall (SupportLevel::BringUp); answered with -ENOSYS
424	pidfd_send_signal	process	BringUp	Guest	Host-only	None	proc::pidfd_send_signal (crates/carrick-kernel/src/dispatch/proc.rs:109)	No	Counted-ENOSYS	Guest authority / in-kernel concern; host fallback disallowed per AGENTS
425	io_uring_setup	io	BringUp	Hybrid	Host-only	None	mem::io_uring_setup (crates/carrick-kernel/src/dispatch/mem.rs:129)	No	Counted-ENOSYS	Guest authority / in-kernel concern; host fallback disallowed per AGENTS
426	io_uring_enter	io	BringUp	Hybrid	Host-only	None	mem::io_uring_enter (crates/carrick-kernel/src/dispatch/mem.rs:130)	No	Counted-ENOSYS	Guest authority / in-kernel concern; host fallback disallowed per AGENTS
427	io_uring_register	io	Deferred	Hybrid	Host-only	None	mem::io_uring_register (crates/carrick-kernel/src/dispatch/mem.rs:131)	No	Counted-ENOSYS	Guest authority / in-kernel concern; host fallback disallowed per AGENTS
428	open_tree	fs	BringUp	Host	Host-only	None	mount_api::open_tree (crates/carrick-kernel/src/dispatch/mount_api.rs:87)	No	Counted-ENOSYS	Guest authority / in-kernel concern; host fallback disallowed per AGENTS
429	move_mount	fs	BringUp	Host	Host-only	None	mount_api::move_mount (crates/carrick-kernel/src/dispatch/mount_api.rs:88)	No	Counted-ENOSYS	Guest authority / in-kernel concern; host fallback disallowed per AGENTS
430	fsopen	fs	BringUp	Host	Host-only	None	mount_api::fsopen (crates/carrick-kernel/src/dispatch/mount_api.rs:89)	No	Counted-ENOSYS	Guest authority / in-kernel concern; host fallback disallowed per AGENTS
431	fsconfig	fs	BringUp	Host	Host-only	None	mount_api::fsconfig (crates/carrick-kernel/src/dispatch/mount_api.rs:90)	No	Counted-ENOSYS	Guest authority / in-kernel concern; host fallback disallowed per AGENTS
432	fsmount	fs	BringUp	Host	Host-only	None	mount_api::fsmount (crates/carrick-kernel/src/dispatch/mount_api.rs:91)	No	Counted-ENOSYS	Guest authority / in-kernel concern; host fallback disallowed per AGENTS
433	fspick	fs	BringUp	Host	Host-only	None	mount_api::fspick (crates/carrick-kernel/src/dispatch/mount_api.rs:92)	No	Counted-ENOSYS	Guest authority / in-kernel concern; host fallback disallowed per AGENTS
434	pidfd_open	process	BringUp	Guest	Host-only	None	proc::pidfd_open (crates/carrick-kernel/src/dispatch/proc.rs:110)	No	Counted-ENOSYS	Guest authority / in-kernel concern; host fallback disallowed per AGENTS
435	clone3	process	Planned	Guest	Host-only	None	proc::sys_clone3 (crates/carrick-kernel/src/dispatch/proc.rs:114)	No	Counted-ENOSYS	Guest authority / in-kernel concern; host fallback disallowed per AGENTS
436	close_range	fs	BringUp	Host	Host-only	None	fs::close_range (crates/carrick-kernel/src/dispatch/fs.rs:169)	No	Temporary-forward	Temporary-forward: compat-zone fd-table/pipe/epoll object until shared fd table lands (lane x86-fdtable)
437	openat2	fs	BringUp	Host	Host-only	None	fs::openat2 (crates/carrick-kernel/src/dispatch/fs.rs:170)	No	Forward-Allowlist	Host file contents and filesystem metadata (docs/host-facility-boundary.md)
438	pidfd_getfd	process	BringUp	Guest	Host-only	None	proc::pidfd_getfd (crates/carrick-kernel/src/dispatch/proc.rs:111)	No	Counted-ENOSYS	Guest authority / in-kernel concern; host fallback disallowed per AGENTS
439	faccessat2	fs	BringUp	Host	Host-only	None	fs::faccessat2 (crates/carrick-kernel/src/dispatch/fs.rs:171)	No	Forward-Allowlist	Host file contents and filesystem metadata (docs/host-facility-boundary.md)
440	process_madvise	mm	Deferred	Hybrid	ENOSYS	None	None (ENOSYS)	No	Unclaimed-ENOSYS	Unimplemented BringUp syscall (SupportLevel::BringUp); answered with -ENOSYS
441	epoll_pwait2	net	Deferred	Host	Host-only	None	net::epoll_pwait2 (crates/carrick-kernel/src/dispatch/net.rs:116)	No	Temporary-forward	Temporary-forward: compat-zone fd-table/pipe/epoll object until shared fd table lands (lane x86-fdtable)
442	mount_setattr	fs	BringUp	Host	Host-only	None	mount_api::mount_setattr (crates/carrick-kernel/src/dispatch/mount_api.rs:93)	No	Counted-ENOSYS	Guest authority / in-kernel concern; host fallback disallowed per AGENTS
443	quotactl_fd	fs	Deferred	Host	ENOSYS	None	None (ENOSYS)	No	Unclaimed-ENOSYS	Unimplemented BringUp syscall (SupportLevel::BringUp); answered with -ENOSYS
444	landlock_create_ruleset	process	Deferred	Guest	ENOSYS	None	None (ENOSYS)	No	Unclaimed-ENOSYS	Unimplemented BringUp syscall (SupportLevel::BringUp); answered with -ENOSYS
445	landlock_add_rule	process	Deferred	Guest	ENOSYS	None	None (ENOSYS)	No	Unclaimed-ENOSYS	Unimplemented BringUp syscall (SupportLevel::BringUp); answered with -ENOSYS
446	landlock_restrict_self	process	Deferred	Guest	ENOSYS	None	None (ENOSYS)	No	Unclaimed-ENOSYS	Unimplemented BringUp syscall (SupportLevel::BringUp); answered with -ENOSYS
447	memfd_secret	mm	BringUp	Hybrid	Host-only	None	fs::memfd_secret (crates/carrick-kernel/src/dispatch/fs.rs:158)	No	Counted-ENOSYS	Guest authority / in-kernel concern; host fallback disallowed per AGENTS
448	process_mrelease	process	Deferred	Guest	ENOSYS	None	None (ENOSYS)	No	Unclaimed-ENOSYS	Unimplemented BringUp syscall (SupportLevel::BringUp); answered with -ENOSYS
449	futex_waitv	process	Deferred	Guest	Host-only	None	proc::futex_waitv (crates/carrick-kernel/src/dispatch/proc.rs:100)	No	Counted-ENOSYS	Guest authority / in-kernel concern; host fallback disallowed per AGENTS
450	set_mempolicy_home_node	mm	Deferred	Hybrid	ENOSYS	None	None (ENOSYS)	No	Unclaimed-ENOSYS	Unimplemented BringUp syscall (SupportLevel::BringUp); answered with -ENOSYS
451	cachestat	fs	Deferred	Host	Host-only	None	fs::cachestat (crates/carrick-kernel/src/dispatch/fs.rs:155)	No	Counted-ENOSYS	Guest authority / in-kernel concern; host fallback disallowed per AGENTS
452	fchmodat2	fs	BringUp	Host	Host-only	None	fs::fchmodat2 (crates/carrick-kernel/src/dispatch/fs.rs:124)	No	Forward-Allowlist	Host file contents and filesystem metadata (docs/host-facility-boundary.md)
453	map_shadow_stack	mm	Deferred	Hybrid	ENOSYS	None	None (ENOSYS)	No	Unclaimed-ENOSYS	Unimplemented BringUp syscall (SupportLevel::BringUp); answered with -ENOSYS
454	futex_wake	process	Deferred	Guest	ENOSYS	None	None (ENOSYS)	No	Unclaimed-ENOSYS	Unimplemented BringUp syscall (SupportLevel::BringUp); answered with -ENOSYS
455	futex_wait	process	Deferred	Guest	ENOSYS	None	None (ENOSYS)	No	Unclaimed-ENOSYS	Unimplemented BringUp syscall (SupportLevel::BringUp); answered with -ENOSYS
456	futex_requeue	process	Deferred	Guest	ENOSYS	None	None (ENOSYS)	No	Unclaimed-ENOSYS	Unimplemented BringUp syscall (SupportLevel::BringUp); answered with -ENOSYS
457	statmount	fs	Deferred	Host	ENOSYS	None	None (ENOSYS)	No	Unclaimed-ENOSYS	Unimplemented BringUp syscall (SupportLevel::BringUp); answered with -ENOSYS
458	listmount	fs	Deferred	Host	ENOSYS	None	None (ENOSYS)	No	Unclaimed-ENOSYS	Unimplemented BringUp syscall (SupportLevel::BringUp); answered with -ENOSYS
459	lsm_get_self_attr	process	Deferred	Guest	ENOSYS	None	None (ENOSYS)	No	Unclaimed-ENOSYS	Unimplemented BringUp syscall (SupportLevel::BringUp); answered with -ENOSYS
460	lsm_set_self_attr	process	Deferred	Guest	ENOSYS	None	None (ENOSYS)	No	Unclaimed-ENOSYS	Unimplemented BringUp syscall (SupportLevel::BringUp); answered with -ENOSYS
461	lsm_list_modules	process	Deferred	Guest	ENOSYS	None	None (ENOSYS)	No	Unclaimed-ENOSYS	Unimplemented BringUp syscall (SupportLevel::BringUp); answered with -ENOSYS
462	mseal	mm	Deferred	Hybrid	ENOSYS	None	None (ENOSYS)	No	Unclaimed-ENOSYS	Unimplemented BringUp syscall (SupportLevel::BringUp); answered with -ENOSYS
