FAULT:signal11	abortdeath
OK	acceptsock
OK	accessx
OK	accounting
OK	adjtimexstate
OK	alarmretval
HANG/OTHER	aliassize
OUT:CloneThread	altstacktid
OK	bigallocfree
FAULT:signal11	bigread
OK	bindunixnode
HANG/OTHER	blockingpipewrite
EMIT	bridge_compose_client
EMIT	bridge_compose_server
EMIT	bridge_loopback_isolation
EMIT	bridge_net_identity
EMIT	bridge_publish_tcp
EMIT	bridge_reuse_sockopts
EMIT	bridge_tcp_nonblocking_refused
EMIT	bridge_tcp_peer
EMIT	bridge_udp_connected_unreachable
EMIT	bridge_udp_peer
EMIT	bridge_udp_sendto_unreachable
OK	brkheapgrow
FAULT:signal11	bsd_signal_xlate
HANG/OTHER	build
OK	cachestatpages
FAULT:signal11	childsubreaper
OK	chmodfollowsymlink
OK	chmodsetgid
OK	clockcoherence
OK	clockgetres
OK	clocknanosleepcpu
OK	clone3args
OK	clone3exithandled
FAULT:signal11	clone3pidfdsig
OK	clone3signalflight
FAULT:signal11	clonebasic
OK	cloneexithandled
OK	cloneexitsig
FAULT:signal11	clonestack
OK	closedstdio
OK	cluster10errno
EMIT	connrefused
HANG/OTHER	coredumpbit
OK	cpucount
OK	credtransition
HANG/OTHER	deps
OK	devnullseek
OK	dirdac
OK	dirfdnotdir
OK	dirops
OK	dnotify
OK	dsrconstantpool
OK	dupclosestdin
OK	epollclosenodel
OK	epollcluster
OUT:CloneThread	epolletblockedhup
FAULT:signal11	epolletchildhup
HANG/OTHER	epolletmanyhup
OK	epolletpipeeof
OK	epollexclusive
OK	epollforkeventfd
OUT:CloneThread	epollinmemwake
EMIT	epolloutrearm
OK	epolloutxthread
OK	epollpri
FAULT:signal11	epollpwait
OK	epollstaledel
OK	etchostnamefile
HANG/OTHER	examples
OUT:CloneThread	execfromthread
NOPROG	execpermitchurn
OUT:Execve	execpipe
OUT:Execve	execsig
OUT:Execve	execsocket
OUT:CloneThread	execthreads
OUT:Execve	execvenonutf8
OUT:Execve	execvereset
OUT:CloneThread	exitgroupmainthreads
OUT:CloneThread	exitgroupthreads
OK	expectcontinue
OK	fallocatebig
FAULT:signal11	faultaddr
OK	fchmoddir
OK	fcntlgetlk
OK	fcntllease
FAULT:signal11	fcntllock
OK	fcntlofdlock
OK	fcntlowner
OK	fcntlpipesz
OK	fcntlstdio
OK	fdio
OK	fdstat
OK	fdstatus
OK	fexecveprobe
OK	fgetflcreate
OK	fifoepolleof
OK	fifoforkeof
OK	fifonode
OK	flocklock
OK	forkaltstack
OK	forkcow
OK	forkexecpthread
FAULT:signal11	forkfault
OUT:CloneThread	forkfpreclaim
FAULT:signal11	forkhighva
FAULT:signal11	forkshared
NOPROG	forksigwalk
OUT:CloneThread	forksleepfork
HANG/OTHER	forksnapshot
OK	fsescapeguard
OK	fsetfl
OK	fsmeta
OK	fstatatflags
OK	fsx
HANG/OTHER	futexdeadline
OUT:CloneThread	futexextra
FAULT:signal11	futexforkrequeue
FAULT:signal11	futexforkwakegroups
OK	futexghost
OK	futexpilock
FAULT:signal11	futexpingpong
OUT:CloneThread	futexprivatewakeexact
HANG/OTHER	futexrealtime
OUT:CloneThread	futexrequeue
FAULT:signal11	futexshare
FAULT:signal11	futexsharedalias
OK	futexsharedto
OUT:CloneThread	futexwaiterstates
HANG/OTHER	futexwakecount
FAULT:signal11	futexwakeexact
OK	getrandomflags
OK	getrandomvdso
OK	getrandomvdsofork
OK	getrandomvdsoloop
OK	getsocknameval
EMIT	host_gateway_client
OK	hugepage
OK	icmp
HANG/OTHER	incremental
HANG/OTHER	ioctlcluster
OK	iopriovhangup
FAULT:signal11	iouring
OK	iouringenterflag
OK	iouringsqpoll
HANG/OTHER	iovecedge
OK	ipv6recvhoplimit
OK	ipv6sendhoplimit
OK	itimer
OK	itimerprofidle
OK	keydeny
FAULT:signal11	killchld
HANG/OTHER	killfault
FAULT:signal11	killgroup
HANG/OTHER	killreap
NOPROG	killrt
OK	killtarget
FAULT:signal11	killuidperm
OK	lchownsymlink
HANG/OTHER	legacyaio
OK	legacyfs
OK	linkatflag
OK	linkstat
OK	linuxsysinfo
OK	loopbacksubnet
NOPROG	ltpcheckpoint
OK	ltpcheckpointexec
OK	lutimesym
OK	lxattr
OK	mailboxregs
OUT:CloneThread	manythreads
FAULT:signal11	mapfixed
FAULT:signal11	mapfixedfork
FAULT:signal11	maskfork
OK	mcastjoingroup
OK	mem
HANG/OTHER	memfdcreate
OK	memmap
HANG/OTHER	mincoreedge
OK	mkdirsetgid
OK	mknoddevnode
HANG/OTHER	mlock2
OK	mmapcluster
OK	mmapdevzero
OK	mmapexecshared
OK	mmapfile
OK	mmapfileforkwriteback
OUT:CloneThread	mmapfileshare_mt
OK	mmapmunmap
OK	mmaprecl
OK	mmapreuse
OK	mmapzerofill
NOPROG	mprotectexec
OK	mqueue
OK	mremapgrow
OK	mremapmove
FAULT:signal11	mremapsharedshrink
OK	mremapshrink
OK	msgctlstat
OK	msgoverflow
OK	msyncalign
OUT:CloneThread	mtforkcorrupt
OUT:CloneThread	mtidlesleep
OUT:CloneThread	mtsigrelease
EMIT	multi_network_client
EMIT	multi_network_dns_client
OUT:CloneThread	multi_network_server
OK	nanosleeprem
OK	nativebrk
OK	nativex18
OK	net
OK	netifmcast
OK	netlink_route
OK	netpoll
OK	nicepriority
OK	nofiledefault
OK	nsfsioctl
OK	odirectory
OK	opathfd
OK	openat2resolve
OK	openat2valid
OK	openbrokensymlinkcreate
OK	openeloop
OK	openempty
OK	openexcldir
OK	otmpfileforkexec
OK	patherrno
OK	pathnonutf8
HANG/OTHER	pauseeintr
FAULT:signal11	pauseinterrupt2
OK	pendingunblock
OK	perf_direct_compute
OK	perf_disk_meta
EMIT	perf_disk_vol
OK	perf_dsr_gateway
OK	perf_dsr_indirect
OUT:CloneThread	perf_epoll_pipe_loop
NOPROG	perf_fork
OK	perf_fork_exec
NOPROG	perf_fork_mmap_snapshot
NOPROG	perf_fork_scale
OK	perf_futex_pingpong
OK	perf_large_meta
OK	perf_mmap_churn
EMIT	perf_net_tcp_rr
EMIT	perf_net_tcp_stream
EMIT	perf_net_xclient
EMIT	perf_net_xserver
OK	perf_overlay_small_updates
OK	perf_preadv_burst
OK	perf_pwritev_burst
OK	perf_shared_anon_churn
OK	perf_stdio_burst
OK	perf_trap_floor
OUT:CloneThread	perf_wait_pipe_pingpong
OK	perf_writev_burst
OK	pidfdprocdir
FAULT:signal11	pidnsinitreap
OK	pidnsinitsig
NOPROG	pidnsorphanreap
FAULT:signal11	pidnsroot
HANG/OTHER	pidnswait
OK	pipeextra
FAULT:signal11	pipelargewrite
OK	pipeszcrossend
OK	pollevent
OK	posixtimers
FAULT:signal11	ppid
FAULT:signal11	ppollsig
OK	ppollunblock
OK	prctldumpable
HANG/OTHER	prctlerrors
OK	prctlnnp
OK	preadspecial
OK	preadv2flags
OK	preadvwronly
OUT:CloneThread	preemptsigstorm
OK	probeinit
OK	procconfigloop
OK	procid
NOPROG	procladder
NOPROG	procladder_epollmgr
OUT:CloneThread	procladder_mixed
OUT:CloneThread	procladder_mt
FAULT:signal11	proclife
OK	procprctlview
OK	procselfdir
OK	procselfpid
OUT:CloneThread	procselfstatleader
OUT:CloneThread	procsignalmask
OUT:CloneThread	procsignalmulti
FAULT:signal11	procstat
FAULT:signal11	procstatstate
OK	procstatussig
OK	protnonesyscall
HANG/OTHER	pselecteintr
FAULT:signal11	ptraceattach
NOPROG	ptraceinvaliderrno
HANG/OTHER	ptracekillcont
OK	ptracesequence
FAULT:signal11	ptracesigdeath
FAULT:signal11	ptracesignalstop
HANG/OTHER	ptracestop
FAULT:signal11	ptracetraceme
OK	ptyfionbio
OK	ptyfionread
OK	ptyforkreopen
OK	ptypair
OK	readpasteof
OK	readwronly
OK	recursionguard
OK	recverrqueue
OK	recvmsgtrunc
OK	renameexchange
NOPROG	reparenttoinit
OK	rlimitnofile
OK	rlimitresource
OK	rlimitroundtrip
OK	robustlist
FAULT:signal11	roprotect
OK	roreadwrite
FAULT:signal11	rosharedbus
OK	rtsigqueueinfo
OUT:CloneThread	rtsigqueueinfoxthread
OK	rtsigtimedwaitsiginfo
OK	saresethand
OUT:CloneThread	schedaffinitysibling
OK	schedgetattr
OK	schedparam
HANG/OTHER	schedprio
OUT:CloneThread	schedthread
OK	scmrightsfds
FAULT:signal11	seccompenforce
OK	seekholedata
OK	selectnfds
OK	selecttimeout
OK	selfhostnameresolve
OK	selfraise
OK	semctlrange
OK	semgetnsems
OK	semtimedop
OK	sendfilebadf
OK	setfsid
OK	setgroupsroundtrip
OUT:CloneThread	setidthreadchurn
FAULT:signal11	setpgidparentgroup
OK	shmlinkat
FAULT:signal11	shmnestedfork
OUT:SigReturn	shmrdonly
EMIT	sidecar_loopback_client
OK	sidecar_loopback_isolated_client
EMIT	sidecar_loopback_server
OK	sigactionresetinfo
FAULT:signal11	sigbadstack
FAULT:signal11	sigchld
OK	siginfo
OK	siglongjmpaltstack
FAULT:signal11	signalexit
OK	signalfd4
OK	signalfdread
OK	signals
FAULT:signal11	sigpairrace
OK	sigpipewrite
NOPROG	sigqueueusr1
OK	sigreenter
OUT:CloneThread	sigsuspendxthread
FAULT:signal11	sigtimedwaitintr
HANG/OTHER	sigunblockpending
OUT:Execve	sigwaitalarm
FAULT:signal11	sigwaitblock
OUT:CloneThread	sigwaitthread
OK	sockbufreuseport
OK	sockoptdomainproto
OK	sotimeo
OK	splicenetpoll
OK	splicepipe
OK	spliceunixpoll
OK	statfdino
OK	symlinkfollow
OK	symlinkmknod
OK	syncfilerange
OK	syscallregpreserve
OK	sysinfo
OUT:WaitOnSharedWord	sysvmsg
OUT:WaitOnSharedWord	sysvmsgwake
NOPROG	sysvsem
OK	sysvsemstat
HANG/OTHER	sysvshm
OUT:CloneThread	telemetrymap
OK	termiosbits
OK	termiosflow
OK	tgsigqueue
OUT:CloneThread	threadbarrier
OUT:CloneThread	threadcommname
OUT:CloneThread	threadrecycle
OUT:CloneThread	threadspawn
OUT:CloneThread	threadstatstate
OUT:CloneThread	threadstatuscount
OK	timeclock
OK	timeextra
OK	timersettimeabs
OUT:CloneThread	tmpfileatime
OUT:CloneThread	tmpfilewrite
OUT:Execve	traceexecstop
OK	ttyencoding
EMIT	udp_published_client
HANG/OTHER	udp_published_server
OK	udpconnectunspec
OK	udplitesock
OK	udpreuseaddr
OK	unicodenorm
OK	unlinkatbindmount
OK	usernsmap
OK	usernswrite
OK	vdsogtod
OK	vdsosymbols
OUT:CloneThread	vforkexecthread
OK	vforkpid
OK	vforkvmshare
OK	vmsplicepipe
HANG/OTHER	waitexitstorm
FAULT:signal11	waitidcputime
FAULT:signal11	waitidspec
OK	waitpgid
HANG/OTHER	waitrestart
HANG/OTHER	waitsiblingsigchld
OK	writevpartial
FAULT:signal11	xprocsigign
FAULT:signal11	xsignal
OUT:CloneThread	xthreadsig
OK	zerolenio
CENSUS_DONE 432
